"CAR_Variant","Multinomial_Label2","n","percent"
"4-1BB-CD79A","CD4_CM",151,66.5198237885463
"4-1BB-CD79A","CD4_EM",8,3.52422907488987
"4-1BB-CD79A","CD4_Naive",19,8.37004405286344
"4-1BB-CD79A","CD8_CM",9,3.9647577092511
"4-1BB-CD79A","CD8_EM",1,0.440528634361233
"4-1BB-CD79A","CD8_Naive",9,3.9647577092511
"4-1BB-CD79A","CD8_TEMRA",4,1.76211453744493
"4-1BB-CD79A","Treg",21,9.2511013215859
"4-1BB-CD79A","gdT",5,2.20264317180617
"4-1BB-FCER1G","CD4_CM",45,26.0115606936416
"4-1BB-FCER1G","CD4_EM",53,30.635838150289
"4-1BB-FCER1G","CD4_Naive",34,19.6531791907514
"4-1BB-FCER1G","CD8_CM",16,9.2485549132948
"4-1BB-FCER1G","CD8_EM",2,1.15606936416185
"4-1BB-FCER1G","CD8_Naive",3,1.73410404624277
"4-1BB-FCER1G","CD8_TEMRA",14,8.09248554913295
"4-1BB-FCER1G","MAIT",1,0.578034682080925
"4-1BB-FCER1G","Treg",3,1.73410404624277
"4-1BB-FCER1G","gdT",2,1.15606936416185
"CD223-CD79B","CD4_CM",24,18.8976377952756
"CD223-CD79B","CD4_EM",13,10.2362204724409
"CD223-CD79B","CD4_Naive",33,25.9842519685039
"CD223-CD79B","CD8_CM",19,14.9606299212598
"CD223-CD79B","CD8_EM",4,3.1496062992126
"CD223-CD79B","CD8_Naive",19,14.9606299212598
"CD223-CD79B","CD8_TEMRA",2,1.5748031496063
"CD223-CD79B","Treg",13,10.2362204724409
"CD223-FCER1G","CD4_CM",16,8.83977900552486
"CD223-FCER1G","CD4_EM",13,7.18232044198895
"CD223-FCER1G","CD4_Naive",23,12.707182320442
"CD223-FCER1G","CD8_CM",84,46.4088397790055
"CD223-FCER1G","CD8_EM",9,4.97237569060773
"CD223-FCER1G","CD8_Naive",12,6.62983425414365
"CD223-FCER1G","CD8_TEMRA",7,3.86740331491713
"CD223-FCER1G","Treg",14,7.73480662983425
"CD223-FCER1G","gdT",3,1.65745856353591
"CD30-CD79B","CD4_CM",27,8.46394984326019
"CD30-CD79B","CD4_EM",8,2.50783699059561
"CD30-CD79B","CD4_Naive",41,12.8526645768025
"CD30-CD79B","CD8_CM",146,45.7680250783699
"CD30-CD79B","CD8_EM",16,5.01567398119122
"CD30-CD79B","CD8_Naive",35,10.9717868338558
"CD30-CD79B","CD8_TEMRA",16,5.01567398119122
"CD30-CD79B","Treg",25,7.83699059561128
"CD30-CD79B","gdT",5,1.56739811912226
"CD357-CD79B","CD4_CM",5,4.54545454545455
"CD357-CD79B","CD4_EM",4,3.63636363636364
"CD357-CD79B","CD4_Naive",5,4.54545454545455
"CD357-CD79B","CD8_CM",17,15.4545454545455
"CD357-CD79B","CD8_EM",40,36.3636363636364
"CD357-CD79B","CD8_Naive",4,3.63636363636364
"CD357-CD79B","CD8_TEMRA",32,29.0909090909091
"CD357-CD79B","Treg",1,0.909090909090909
"CD357-CD79B","gdT",2,1.81818181818182
"CD4-FCGR2A","CD4_CM",3,2.14285714285714
"CD4-FCGR2A","CD4_EM",3,2.14285714285714
"CD4-FCGR2A","CD4_Naive",4,2.85714285714286
"CD4-FCGR2A","CD8_CM",80,57.1428571428571
"CD4-FCGR2A","CD8_EM",22,15.7142857142857
"CD4-FCGR2A","CD8_Naive",8,5.71428571428571
"CD4-FCGR2A","CD8_TEMRA",3,2.14285714285714
"CD4-FCGR2A","MAIT",1,0.714285714285714
"CD4-FCGR2A","Treg",1,0.714285714285714
"CD4-FCGR2A","gdT",15,10.7142857142857
"CD4-K1","CD4_CM",8,4.3010752688172
"CD4-K1","CD4_EM",7,3.76344086021505
"CD4-K1","CD4_Naive",10,5.37634408602151
"CD4-K1","CD8_CM",109,58.6021505376344
"CD4-K1","CD8_EM",7,3.76344086021505
"CD4-K1","CD8_Naive",18,9.67741935483871
"CD4-K1","CD8_TEMRA",2,1.0752688172043
"CD4-K1","MAIT",2,1.0752688172043
"CD4-K1","Treg",14,7.52688172043011
"CD4-K1","gdT",9,4.83870967741935
"HVEM-CD79B","CD4_CM",25,12.8205128205128
"HVEM-CD79B","CD4_EM",68,34.8717948717949
"HVEM-CD79B","CD4_Naive",13,6.66666666666667
"HVEM-CD79B","CD8_CM",69,35.3846153846154
"HVEM-CD79B","CD8_EM",2,1.02564102564103
"HVEM-CD79B","CD8_Naive",7,3.58974358974359
"HVEM-CD79B","CD8_TEMRA",1,0.512820512820513
"HVEM-CD79B","MAIT",1,0.512820512820513
"HVEM-CD79B","Treg",6,3.07692307692308
"HVEM-CD79B","gdT",3,1.53846153846154
"TIM1-CD3G","CD4_CM",21,16.9354838709677
"TIM1-CD3G","CD4_EM",10,8.06451612903226
"TIM1-CD3G","CD4_Naive",22,17.741935483871
"TIM1-CD3G","CD8_CM",39,31.4516129032258
"TIM1-CD3G","CD8_EM",4,3.2258064516129
"TIM1-CD3G","CD8_Naive",15,12.0967741935484
"TIM1-CD3G","CD8_TEMRA",9,7.25806451612903
"TIM1-CD3G","MAIT",1,0.806451612903226
"TIM1-CD3G","gdT",3,2.41935483870968
"TIM1-CD79B","CD4_CM",23,1.04025327905925
"TIM1-CD79B","CD4_EM",28,1.26639529624604
"TIM1-CD79B","CD4_Naive",177,8.00542740841248
"TIM1-CD79B","CD8_CM",993,44.9118046132972
"TIM1-CD79B","CD8_EM",14,0.633197648123021
"TIM1-CD79B","CD8_Naive",637,28.8104929895975
"TIM1-CD79B","CD8_TEMRA",306,13.8398914518318
"TIM1-CD79B","MAIT",2,0.0904568068747173
"TIM1-CD79B","Treg",7,0.316598824061511
"TIM1-CD79B","gdT",24,1.08548168249661
"TIM1-FCER1G","CD4_CM",65,38.9221556886228
"TIM1-FCER1G","CD4_EM",44,26.3473053892216
"TIM1-FCER1G","CD4_Naive",25,14.9700598802395
"TIM1-FCER1G","CD8_CM",8,4.79041916167665
"TIM1-FCER1G","CD8_EM",2,1.19760479041916
"TIM1-FCER1G","CD8_Naive",6,3.59281437125748
"TIM1-FCER1G","CD8_TEMRA",4,2.39520958083832
"TIM1-FCER1G","Treg",13,7.78443113772455
